run_id,algorithm,alg_id,shape,n_tasks,total_core_hours,critical_path_lb,deadline_hours,carbon_scenario,origin_region,load_scenario,plan_produced,time_to_schedule_s,decision_time_s,success_rate,total_hours,total_energy,total_carbon,total_transfer_carbon,total_carbon_with_transfer,total_execution_time_hours,makespan_hours,waiting_time_hours,avg_task_execution_time_hours,deadline_fulfillment_pct,carbon_per_core_hour,carbon_per_success_pct,carbon_per_makespan_hour,makespan_hours_per_carbon
alibaba_j_1000039,BaselineA_Earliest,5,alibaba_real_dag,10,0,0,53.69,Origin_US-NE-ISNE,US-NE-ISNE,empty,True,0.0677,0.0677,100.0,3.42,0.57,68.7,0.0,68.7,3,3.42,0.0,0.57,100.0,24.2833,0.687,20.0877,0.049782
alibaba_j_1000039,BaselineA_Earliest,5,alibaba_real_dag,10,0,0,53.69,Origin_US-NW-BPAT,US-NW-BPAT,empty,True,0.0704,0.0704,100.0,3.42,0.57,68.7,6.11,74.81,3,3.42,0.0,0.57,100.0,26.443,0.7481,21.8743,0.045716
alibaba_j_1000039,BaselineA_Earliest,5,alibaba_real_dag,10,0,0,53.69,Origin_US-NW-CHPD,US-NW-CHPD,empty,True,0.0665,0.0665,100.0,3.42,0.57,68.7,6.11,74.81,3,3.42,0.0,0.57,100.0,26.443,0.7481,21.8743,0.045716
alibaba_j_1000038,BaselineA_Earliest,5,alibaba_real_dag,8,0,0,40.42,Origin_US-NE-ISNE,US-NE-ISNE,empty,True,0.0617,0.0617,100.0,2.09,0.68,120.0,0.0,120.0,2,2.14,-0.04,0.84,100.0,35.5261,1.2,56.0748,0.017833
alibaba_j_1000038,BaselineA_Earliest,5,alibaba_real_dag,8,0,0,40.42,Origin_US-NW-BPAT,US-NW-BPAT,empty,True,0.0707,0.0707,100.0,2.09,0.68,120.0,4.7,124.7,2,2.14,-0.04,0.84,100.0,36.9175,1.247,58.271,0.017161
alibaba_j_1000038,BaselineA_Earliest,5,alibaba_real_dag,8,0,0,40.42,Origin_US-NW-CHPD,US-NW-CHPD,empty,True,0.0691,0.0691,100.0,2.09,0.68,120.0,4.7,124.7,2,2.14,-0.04,0.84,100.0,36.9175,1.247,58.271,0.017161
alibaba_j_1000078,BaselineA_Earliest,5,alibaba_real_dag,5,0,0,2.0,Origin_US-NE-ISNE,US-NE-ISNE,empty,True,0.0618,0.0618,100.0,-0.52,0.04,0.0,0.0,0.0,0,0.08,-0.6,0.04,100.0,0.0,0.0,0.0,0.0
alibaba_j_1000075,BaselineA_Earliest,5,alibaba_real_dag,3,0,0,2.0,Origin_US-NE-ISNE,US-NE-ISNE,empty,True,0.059,0.059,100.0,-0.52,0.01,0.0,0.0,0.0,0,0.03,-0.55,0.02,100.0,0.0,0.0,0.0,0.0
alibaba_j_1000037,BaselineA_Earliest,5,alibaba_real_dag,3,0,0,2.0,Origin_US-NE-ISNE,US-NE-ISNE,empty,True,0.0639,0.0639,100.0,-0.97,0.01,0.0,0.0,0.0,0,0.02,-0.99,0.01,100.0,0.0,0.0,0.0,0.0
alibaba_j_1000034,BaselineA_Earliest,5,alibaba_real_dag,3,0,0,2.0,Origin_US-NE-ISNE,US-NE-ISNE,empty,True,0.0576,0.0576,100.0,-0.05,0.0,0.0,0.0,0.0,0,0.01,-0.06,0.01,100.0,0.0,0.0,0.0,0.0
alibaba_j_1000078,BaselineA_Earliest,5,alibaba_real_dag,5,0,0,2.0,Origin_US-NW-BPAT,US-NW-BPAT,empty,True,0.0577,0.0577,100.0,-0.52,0.04,0.0,2.82,2.82,0,0.08,-0.6,0.04,100.0,14.7182,0.0282,35.25,0.028369
alibaba_j_1000075,BaselineA_Earliest,5,alibaba_real_dag,3,0,0,2.0,Origin_US-NW-BPAT,US-NW-BPAT,empty,True,0.0641,0.0641,100.0,-0.52,0.01,0.0,1.41,1.41,0,0.03,-0.55,0.02,100.0,46.1538,0.0141,47.0,0.021277
alibaba_j_1000037,BaselineA_Earliest,5,alibaba_real_dag,3,0,0,2.0,Origin_US-NW-BPAT,US-NW-BPAT,empty,True,0.0635,0.0635,100.0,-0.97,0.01,0.0,1.41,1.41,0,0.02,-0.99,0.01,100.0,56.4,0.0141,70.5,0.014184
alibaba_j_1000034,BaselineA_Earliest,5,alibaba_real_dag,3,0,0,2.0,Origin_US-NW-BPAT,US-NW-BPAT,empty,True,0.0631,0.0631,100.0,-0.05,0.0,0.0,1.88,1.88,0,0.01,-0.06,0.01,100.0,84.6847,0.0188,188.0,0.005319
alibaba_j_1000078,BaselineA_Earliest,5,alibaba_real_dag,5,0,0,2.0,Origin_US-NW-CHPD,US-NW-CHPD,empty,True,0.0684,0.0684,100.0,-0.52,0.04,0.0,2.82,2.82,0,0.08,-0.6,0.04,100.0,14.7182,0.0282,35.25,0.028369
alibaba_j_1000075,BaselineA_Earliest,5,alibaba_real_dag,3,0,0,2.0,Origin_US-NW-CHPD,US-NW-CHPD,empty,True,0.0567,0.0567,100.0,-0.52,0.01,0.0,1.41,1.41,0,0.03,-0.55,0.02,100.0,46.1538,0.0141,47.0,0.021277
alibaba_j_1000037,BaselineA_Earliest,5,alibaba_real_dag,3,0,0,2.0,Origin_US-NW-CHPD,US-NW-CHPD,empty,True,0.062,0.062,100.0,-0.97,0.01,0.0,1.41,1.41,0,0.02,-0.99,0.01,100.0,56.4,0.0141,70.5,0.014184
alibaba_j_1000034,BaselineA_Earliest,5,alibaba_real_dag,3,0,0,2.0,Origin_US-NW-CHPD,US-NW-CHPD,empty,True,0.0615,0.0615,100.0,-0.05,0.0,0.0,1.88,1.88,0,0.01,-0.06,0.01,100.0,84.6847,0.0188,188.0,0.005319
